Participant,treatment_type,Gender,Ethnicity,Age,HDL_chol,triglycerides,glucose,waist_in,sys_bp,dias_bp,medications,met_syn_criteria,met_syn_criteria_meds,,,,,,,,,,,,,,,
7001,Probiotic,Female,White,63.4,61,157,120,41.0,132,63,None,4,4,,,,,,,,,,,,,,,
7015,Probiotic,Female,White,60,65,142,102,34.5,135,81,None,2 or 3,2 or 3,,,,,,,,,,,,,,,
7019,Probiotic,Female,White,56,45,121,110,38.5,124,72,None,3,3,,,,,,,,,,,,,,,
7026,Probiotic,Female,White,78.3,51,169,96,41.0,142,73,BP & Cholesterol lowering,3,4,,,,,,,,,,,,,,,
7031,Probiotic,Female,White,73,83,51,88,38.3,129,67,BP lowering,1,2,,,,,,,,,,,,,,,
7032,Probiotic,Female,White,65.5,62,142,98,44.0,121,46,None,1,1,,,,,,,,,,,,,,,
7035,Probiotic,Female,White,62.5,56,122,98,35.0,122,68,Cholesterol lowering,1,2,,,,,,,,,,,,,,,
7041,Probiotic,Female,White,64.3,70,84,85,33.0,159,77,BP lowering,1,1,,,,,,,,,,,,,,,
7042,Probiotic,Female,White,57.9,41,196,144,48.0,131,71,None,5,5,,,,,,,,,,,,,,,
7046,Probiotic,Female,White,57.2,55,143,107,41.5,133,94,BP lowering,3,3,,,,,,,,,,,,,,,
7002,Probiotic,Female,Hispanic/Latino,48.7,39,205,106,42.0,146,83,None,5,5,,,,,,,,,,,,,,,
7037,Probiotic,Female,Hispanic/Latino,46.7,100,65,93,33.5,134,88,BP lowering,1,1,,,,,,,,,,,,,,,
7027,Probiotic,Female,Black/African American,32.8,46,53,86,46.0,118,75,None,2,2,,,,,,,,,,,,,,,
7050,Probiotic,Female,Black/African American,66,66,326,95,37.3,127,67,BP lowering,2,3,,,,,,,,,,,,,,,
7005,Probiotic,Male,White,74.3,52,73,100,38.0,133,78,BP & Cholesterol lowering,2,3,,,,,,,,,,,,,,,
7006,Probiotic,Male,White,46.5,50,52,109,48.0,135,91,None,4,4,,,,,,,,,,,,,,,
7009,Probiotic,Male,White,73.7,46,81,101,40.5,137,74,Cholesterol lowering,3,4,,,,,,,,,,,,,,,
7012,Probiotic,Male,White,55.8,41,193,105,40.3,103,68,None,3,3,,,,,,,,,,,,,,,
7014,Probiotic,Male,White,62.6,38,45,102,44.0,118,76,None,3,3,,,,,,,,,,,,,,,
7033,Probiotic,Male,White,63,37,132,74,37.0,120,75,None,2,2,,,,,,,,,,,,,,,
7038,Probiotic,Male,White,59.1,52,77,116,43.0,141,89,None,3,3,,,,,,,,,,,,,,,
7047,Probiotic,Male,White,50.7,41,59,97,41.5,132,83,None,2,2,,,,,,,,,,,,,,,
7017,Probiotic,Male,Hispanic/Latino,33.2,38,140,110,45.0,142,98,None,4,4,,,,,,,,,,,,,,,
7018,Probiotic,Male,Hispanic/Latino,52.4,43,135,111,40.0,123,87,None,3,3,,,,,,,,,,,,,,,
7023,Probiotic,Female,Asian,57.2,46,202,117,36.0,130,70,None,4,4,,,,,,,,,,,,,,,
7024,Probiotic,Female,Asian,28.7,40,126,78,42.5,121,83,Glucose lowering,2,3,,,,,,,,,,,,,,,
7021,Probiotic,Male,Asian,37.1,46,105,102,45.0,147,102,BP lowering,3,3,,,,,,,,,,,,,,,
7040,Probiotic,Male,Asian,61.9,42,96,107,35.0,137,97,Cholesterol lowering,2,3,,,,,,,,,,,,,,,
7007,Placebo,Female,White,67.4,65,56,86,34.5,122,75,BP & Cholesterol lowering,1,3,,,,,,,,,,,,,,,
7020,Placebo,Female,White,55.1,52,175,136,35.0,138,81,BP lowering,4,4,,,,,,,,,,,,,,,
7022,Placebo,Female,White,52.4,66,185,101,38.0,132,76,None,4,4,,,,,,,,,,,,,,,
7028,Placebo,Female,White,65.9,50,93,149,42.0,130,64,BP lowering,3,3,,,,,,,,,,,,,,,
7030,Placebo,Female,White,60.5,69,105,110,46.0,119,75,BP lowering,2,3,,,,,,,,,,,,,,,
7036,Placebo,Female,White,53.7,50,256,97,44.0,143,85,None,4,4,,,,,,,,,,,,,,,
7051,Placebo,Female,White,61.3,49,137,109,43.0,139,70,BP lowering,4,4,,,,,,,,,,,,,,,
7045,Placebo,Female,Black/African American,59.4,43,118,117,36.5,155,81,None,4,4,,,,,,,,,,,,,,,
7016,Placebo,Male,White,63.6,35,54,104,44.5,119,83,None,3,3,,,,,,,,,,,,,,,
7039,Placebo,Male,Black/African American,36.6,26,162,97,39.0,139,87,None,3,3,,,,,,,,,,,,,,,
7003,Placebo,Male,Asian,49.4,52,182,114,47.0,147,97,None,4,4,,,,,,,,,,,,,,,
7013,Placebo,Male,Asian,39.9,45,166,101,44.5,131,92,None,4,4,,,,,,,,,,,,,,,
7052,Placebo,Male,Asian,32,29,86,107,41.3,116,68,None,3,3,,,,,,,,,,,,,,,
7032,Probiotic,Female,White,65.5,56,174,103,44.0,121,46,None,3,3,"Rescreened and screening numbers from second visit were not put into correct boxes, I have updated them here. ",,,,,,,,,,,,,,
7041,Probiotic,Female,White,64.3,70,84,85,33.0,159,77,BP lowering,1,2,"the waist circumference for the IDFG criteria for women is 80 cm  = 31 inches, so these two folks would count 1 for waist",,,,,,,,,,,,,,
7037,Probiotic,Female,Hispanic/Latino,46.7,>100,65,93,33.5,134,88,BP lowering,1,2,"the waist circumference for the IDFG criteria for women is 80 cm  = 31 inches, so these two folks would count 1 for waist",,,,,,,,,,,,,,
7025,Placebo,Male,White,66.7,70,74,137,37.0,119,57,Glucose lowering,1,2,"the waist circumference for the IDFG criteria for men is 94 cm  = 37 inches, so count 1 for waist",,,,,,,,,,,,,,
